Application Date ,Medical Updated Date,Biometric Data,PPR Date
17-10-2020,25-01-2021,04-12-2020,21-02-2021
16-08-2020,21-10-2020,26-12-2020,21-02-2021
18-09-2020,09-02-2021,30-11-2020,23-02-2021
25-09-2020,19-02-2021,21-12-2020,23-02-2021
08-09-2020,18-02-2021,13-12-2020,23-02-2021
11-10-2020,20-01-2021,16-12-2020,22-02-2021
08-09-2020,17-02-2021,01-12-2020,22-02-2021
05-09-2020,17-02-2021,16-12-2020,20-02-2021
23-10-2020,,18-12-2020,23-02-2021
23-10-2020,,17-12-2020,23-02-2021
23-10-2020,,07-01-2021,23-02-2021
19-10-2020,,05-12-2020,23-02-2021
19-10-2020,,12-12-2020,23-02-2021
23-10-2020,,15-12-2020,23-02-2021
23-10-2020,,15-12-2020,23-02-2021
23-10-2020,,23-12-2020,23-02-2021
23-10-2020,,22-12-2020,23-02-2021
23-10-2020,,15-12-2020,23-02-2021
22-10-2020,,27-01-2020,23-02-2021
19-10-2020,,03-12-2020,23-02-2021
14-10-2020,,24-12-2020,23-02-2021
15-10-2020,,14-01-2021,23-02-2021
16-10-2020,,29-05-2019,23-02-2021
16-10-2020,,19-12-2020,23-02-2021
16-10-2020,,05-12-2020,23-02-2021
23-10-2020,,16-01-2021,23-02-2021
21-10-2020,,21-12-2020,23-02-2021
23-10-2020,,19-06-2019,23-02-2021
23-10-2020,,23-12-2020,23-02-2021
21-10-2020,,09-10-2019,23-02-2021
12-10-2020,,03-05-2019,23-02-2021
06-08-2020,,30-12-2020,23-02-2021
14-03-2020,,13-02-2020,23-02-2021
17-06-2020,,21-01-2021,23-02-2021
12-05-2020,,05-01-2021,23-02-2021
20-03-2020,,30-01-2021,23-02-2021
20-03-2020,,16-01-2021,23-02-2021
23-10-2020,,18-01-2021,23-02-2021
15-10-2020,,09-01-2021,23-02-2021
15-10-2020,,30-01-2021,23-02-2021
16-10-2020,,20-01-2021,23-02-2021
23-10-2020,,27-01-2021,23-02-2021
19-10-2020,,29-01-2021,23-02-2021
21-10-2020,,13-01-2021,23-02-2021
23-10-2020,,06-01-2021,23-02-2021
15-10-2020,,24-12-2020,23-02-2021
15-10-2020,,22-12-2020,23-02-2021
15-10-2020,,29-12-2020,23-02-2021
19-10-2020,,11-12-2020,23-02-2021
19-10-2020,,18-12-2020,23-02-2021
23-10-2020,,15-01-2019,23-02-2021
23-10-2020,,15-12-2020,23-02-2021
11-09-2020,,14-01-2021,23-02-2021
08-09-2020,,31-12-2020,23-02-2021
10-09-2020,,30-12-2020,23-02-2021
12-09-2020,,13-01-2021,23-02-2021
12-09-2020,,05-08-2019,23-02-2021
15-09-2020,,20-01-2021,23-02-2021
24-08-2020,,31-12-2020,23-02-2021
24-08-2020,,23-12-2020,23-02-2021
19-10-2020,,28-03-2019,23-02-2021
